transcript_id,seq_len,tr_len,likelihood,tss_logprobs,tts_logprobs
ENST00000528366.1,6332,5380,-8387.359532655682,-7.849394798278809,-7.215414047241211
ENST00000661581.2,6332,1495,-8371.178933524527,-8.812246322631836,-7.071739196777344
ENST00000530263.1,6332,4310,-8425.922065020073,-7.6593523025512695,-6.941516876220703
ENST00000528869.1,4678,4645,-5670.1302382141,-7.3294291496276855,-6.396486282348633
